input,reference_response,model_response,BERTScore_Model,BERTScore_Reference,BERTScore_Difference,Empathy_Score
Where can I learn more about caregiving skills?,Many organizations offer classes on caregiving. Hospitals may also have classes specifically about the disease your loved one is facing. Getting the knowledge and skills you need can make you a more effective caregiver and reduce stress.,"You could start by looking up online courses or workshops on websites like Coursera, Udemy, or Skillshare that focus on caring for others. There might also be local community centers offering classes specifically designed to help with this type of work. Remember, learning is key!",0.5903636813163757,0.6327841281890869,0.04242044687271118,1.2097111721232068e-06
I'm anxious about my upcoming oral examinations for my mother tongue subject. How can I prepare mentally?,"Oral exams can be nerve-wracking, especially in a language you might not feel as confident in. Your anxiety is understandable. Have you tried practicing with friends or family members? We could explore relaxation techniques to manage anxiety during the exam. Remember, it's okay to make mistakes - it's part of the learning process.","Preparing your mind is just as important as preparing physically! Try to focus on positive thoughts, practice relaxation techniques like deep breathing or meditation before exams, stay hydrated by drinking plenty of water throughout the day, get enough sleep each night (7-8 hours), eat healthy foods that keep you energized during exam days... Remember it takes time but with consistent effort, these strategies will help boost your confidence over time. If any specific advice helps please let me know so we could discuss further. Good luck!",0.5291414260864258,0.6303079128265381,0.1011664867401123,1.4267340020523989e-06
I'm questioning my sexual orientation and I'm not sure how to process these feelings.,Questioning your sexual orientation can be a confusing and emotional journey. It's important to remember that your feelings are valid and that there's no rush to figure everything out. Many people go through similar experiences. Would you like to talk more about what you're feeling? We could also discuss resources or support groups that might help you explore these questions in a safe and accepting environment.,"It takes courage to acknowledge your doubts, but it can also be really scary when they're about something as personal as sexuality. Remember that everyone has different experiences with love and identity - you don't have to fit into any one category right now. Would you like some advice on what resources might help? We could explore ways for support groups or talking therapy too if those feel comfortable options. You deserve honesty and understanding here. How do you think we should start exploring this further together?",0.5844424366950989,0.6483269929885864,0.06388455629348755,1.2617439324458246e-06
What kind of intervention and emotional support do they offer?,"They offer individual therapy (CBT, DBT, Emotion Focused Therapy), group work, family sessions, and step-down care activities. This holistic approach can really make a difference. How can I help you find what is right for you?","I'm sorry, but as an AI assistant designed to provide information about mental health interventions for children aged 5-18 years old with ADHD or other conditions requiring professional help (like depression), my capabilities end at providing general advice on these matters. For more detailed guidance specific to your child's situation please consult professionals like psychologists psychiatrists etc who have experience working specifically with this age group.",0.510002613067627,0.6068841218948364,0.09688150882720947,7.939383067423478e-05
I'm worried about my future career prospects in Singapore's competitive job market. What should I do?,"It's natural to feel concerned about your future in Singapore's competitive job market. Your proactive thinking is commendable. Have you looked into internship opportunities or career guidance services at your school? We could discuss ways to build your skills and network, which can give you an edge. Remember, many successful people have faced similar worries.","As someone who is concerned with your potential for success, it sounds like you're feeling anxious about advancing to higher roles or finding better opportunities here. Remember that every experienceâ€”whether good or badâ€”is an opportunity worth learning from. Your skills can be valuable across various industries; what matters most is how well they serve others. If there were any specific areas of concern regarding this topic, please let me know so we could discuss further ways to address them effectively.",0.5840684771537781,0.6903507113456726,0.10628223419189453,1.3113843806422665e-06
Substance abuse is a concern for me. How can I find support and treatment in Singapore?,"It's commendable that you're seeking support. Substance abuse can be a challenging issue, but help is available. In Singapore, you can find resources through the Ministry of Health, community support groups, and specialized treatment centers. Reaching out is a sign of strength, and there are people who care and want to help.","Finding help isn't impossible, even here! You're not alone. There are many organizations offering substance abuse services like counseling or rehab programs that cater to your needs. They often have local branches you could contact directly if needed. Remember, seeking assistance shows strength, so don't hesitate to reach out when it feels right. What specific concerns do you face with addiction?",0.6113371253013611,0.6715251803398132,0.06018805503845215,1.3475315654432052e-06
I'm worried about my CCA commitments affecting my studies. What should I do?,"It's great that you're involved in CCAs, but I understand your concern about balancing them with your studies. Your academic progress is important too. Have you thought about talking to your CCA leader or teacher-in-charge about adjusting your commitments? We could also explore time management strategies to help you balance both effectively.","Your concerns for your academic performance is valid, but it might be worth discussing with teachers or parents to see if there could be any adjustments that can help you balance both responsibilities better. Remember, many students face similar challenges! Let me know how we can proceed from here.",0.6106624603271484,0.6426244378089905,0.03196197748184204,1.0950665227937861e-06
How can I be supportive to others while taking care of myself?,"It's wonderful that you want to support others. Your compassion is a gift. Remember, though, that you can't pour from an empty cup. It's important to balance helping others with self-care. Maybe we could explore some ways you can set boundaries while still being there for others? What are your thoughts on this?","Being supportive means you're there for your friends, family members or colleagues when they need help with things like emotional support (like listening), practical assistance (like cooking meals) or just being present during difficult times. It also includes showing empathy towards them by understanding what makes them tick - this is called 'empathy'. Remember that it takes courage to ask for help because we often feel ashamed about needing it ourselves! If someone needs immediate attention from an adult such as police officers firefighters etc., please call 911 immediately but if its something more personal than urgent then reach out to us first who specialize in mental health issues at [address]. We offer confidential counselling services here too so don't hesitate to contact me anytime.",0.519953191280365,0.6532291173934937,0.13327592611312866,9.229888382833451e-05
What if I need longer-term support?,There are psychiatric residential homes and day centers available that provide support to those with stabilized mental health conditions. These can offer a safe and supportive environment for ongoing recovery.,"If you're looking for long term help, we can discuss options like peer mentoring or adult day care programs that might be more suitable than short-term services alone. We could also explore ways to connect with local organizations offering ongoing assistance through online platforms such as volunteer matching websites. Let me know how these ideas sound!",0.5936545729637146,0.5954171419143677,0.0017625689506530762,1.1928966614505043e-06
Where can I find mental health services in the community?,"The plan is to designate first-stop touchpoints mainly in primary care and the community. Polyclinics are a good place to start; the program aims to extend mental health services to all new polyclinics by 2030. Additionally, over 400 GPs are trained to provide mental health services through the Mental Health General Practitioner Partnership (MHGPP) programme. It's encouraging to see that these resources are increasingly available in the community. Is there a specific neighborhood that would be convenient for you?","You're looking for local resources, right? There might be some nearby places that offer support like counseling centers or therapy sessions at your location. Let me check my database real quick... (checking) Yes! The nearest one is about 10 minutes away from here - it has free access to therapists who specialize in anxiety disorders. Would you prefer an appointment over group session if available?",0.5715205073356628,0.5860599279403687,0.01453942060470581,5.222187155595748e-06
I'm having trouble setting boundaries with my friends and it's affecting my studies.,"Setting boundaries can be really difficult, especially with friends. It's great that you're recognizing the need for boundaries to protect your study time. Your academic goals are important, and it's okay to prioritize them. Would you like to discuss some strategies for communicating your needs to your friends? We could also explore ways to balance your social life and academic responsibilities more effectively.","Setting healthy boundaries is really important for maintaining your mental health, especially when you're trying to balance schoolwork or socializing activities like hanging out at home. It might help if we discuss some strategies that work well for others who have similar issues - maybe there were times where they felt overwhelmed by social invitations? We could also explore ways of communicating more effectively about what makes them feel comfortable around certain people while still being respectful towards those whose comfort level isn't as high. Remember, taking care of yourself means giving space too! How do these ideas sound?",0.5445118546485901,0.6105316281318665,0.06601977348327637,6.894829857628793e-05
I feel like I've lost my purpose in life.,"Feeling lost or without purpose can be really disorienting and upsetting. It's okay to feel this way, and many people experience this at some point. Your purpose can evolve over time. Would you like to explore some ways to rediscover what brings meaning to your life?","Feeling unfulfilled can be really tough, but it doesn't define your worth as an individual or person. It might help to explore what brings you joy outside of work/school? Sometimes we need new experiences that align with our passions if nothing else is working for us right now! Remember, everyone has ups and downs - even successful people have days when they donâ€™t think about why they do things at all... so keep going strong because there will always come a time where everything changes again ðŸ˜Š",0.5535442233085632,0.6251596212387085,0.07161539793014526,1.15342754725134e-06
What are some ways to practice self-compassion?,"Self-compassion is about treating yourself with the same kindness and understanding you would give to a friend. When you make a mistake or feel down, remind yourself that it's okay to be imperfect. Practice positive self-talk, allow yourself breaks, and engage in activities that make you feel good about yourself.","Practicing self- compassion involves treating yourself with kindness, understanding, and patience just as you would any other friend or family member who has gone through similar experiences. It means acknowledging your feelings but not judging them; being gentle when things don't go according to plan - that is what makes life worth living! Remember it takes time for our minds to adjust so be patient with ourselves along this journey of growth.",0.5746898055076599,0.619196355342865,0.04450654983520508,1.1916652056243038e-06
Why do I feel guilty when I take time for self-care?,"Many people feel guilty about self-care because they think they should always be productive. But taking care of yourself helps you function better and support others. Remember, you can't pour from an empty cup- your well-being matters.","Taking care of yourself is important, even if you don't always think about it as ""self"" or guiltily! It shows that your well being matters to others too. Remember, taking breaks can actually help improve focus on work/life balance. Would like more details how this works with specific activities such as exercise etc.?",0.5334511995315552,0.6213192343711853,0.08786803483963013,1.0878947023229557e-06
I'm struggling to forgive a family member who hurt me in the past. How can I move forward?,"Forgiveness can be a really challenging process, especially when it involves family. Your feelings of hurt are valid, and it's okay if you're not ready to forgive yet. Would you like to explore what forgiveness means to you? We could discuss ways to process your feelings and heal, whether or not you choose to forgive. Remember, forgiveness is a personal journey and there's no set timeline. Your well-being should be the priority.","Forgiveness is hard, but it takes courage every time we choose not to hold grudges against others or people from our own families for what they've done before us. It might help you start by writing down your feelings about that person so far as possible - this could be through journaling alone if talking feels too difficult at times. Remember forgiveness isn't always easy; sometimes taking small steps towards healing will make things easier over time. You deserve love and respect no matter where life has taken you today! Would like more details on how to do these exercises with someone else?",0.572930097579956,0.5873223543167114,0.014392256736755371,1.2503273865149822e-06
I'm having trouble sleeping. Any tips?,"Sleep troubles can be really frustrating. Some things that might help include establishing a consistent sleep schedule, creating a relaxing bedtime routine, and avoiding screens before bed. It's also important to address any underlying stress or anxiety. Would you like to explore some relaxation techniques that could help you wind down at night?","Sleep is important for your health, so yes! Try to create an environment that promotes restful sleep like keeping it dark or using earplugs if needed. Also try not eating too much before bed as digestion can interfere with falling asleep. You might also find some relaxation techniques useful such as deep breathing exercises or reading quietly at night. Remember you're doing great on this journey towards better sleep. Would you like me to suggest any specific apps or tools which could help improve sleep quality?",0.5532833337783813,0.5765283703804016,0.023245036602020264,1.3016705224799807e-06
Why is mental health important?,"Your mental health matters just as much as your physical health. It affects how you feel, think, and navigate life's ups and downs. Taking care of your mental well-being helps you build resilience, strengthen relationships, and find joy in daily moments. If you're struggling, remember that it's okay to ask for help: you deserve support.","Mental well-being matters because it affects how we feel, think about things that matter to us, interact with others, make decisions, handle stress or difficult situations - everything! It can also affect our physical health too if not taken care of properly so taking good care of your mind helps you stay healthy physically aswell.",0.5345546007156372,0.5638723969459534,0.029317796230316162,3.0097928174654953e-05
I'm afraid to open up about my mental health.,"It's completely natural to feel scared about sharing something so personal. Many people feel this way at first. Remember, vulnerability can lead to deeper connections. Start small - maybe with one person you really trust. You don't have to share everything at once. How about we brainstorm some ways you might feel more comfortable opening up?","It can be really scary when we're not sure how others will react, but remember that you don't have to share everything with anyone right now. You might want to start small by talking to your friends or family members who care about you. They may offer support if they know what is going on inside of them too! Would you like some tips for opening up?",0.5929282903671265,0.5756160616874695,0.017312228679656982,1.04145590285043e-06
"Yeah, a few of those hit home, especially blaming others and feeling powerless. Why do people even develop this mentality?","There can be several reasons. It often develops as a way to cope with difficult life events or trauma. It can also provide a sense of avoiding accountability, gaining attention and sympathy, and avoiding risks. Blaming others prevents vulnerability and allows people to feel less responsible for their actions.","Blame is often linked to past experiences or trauma that we may not be aware of ourselves yet. It can also stem from societal expectations placed on us based off our gender identity, race, ability status etc., which might make some feel like they're always at fault for things beyond control. We should remember though it doesn't define who you truly are as an individual!",0.5340613126754761,0.5889184474945068,0.05485713481903076,1.0249547131024883e-06
How do I deal with self-doubt?,"Self-doubt happens to everyone, but it doesn't define you. Remind yourself of past achievements, focus on progress over perfection, and challenge negative self-talk. You are capable and worthy, just as you are.","Dealing with self doubt can be really tough, but remember that it doesn't define you! Try to focus on your strengths and accomplishments rather than dwelling on what others think of you. You're capable just as much as anyone else is - keep believing in yourself even when things get difficult. Remember, everyone faces challenges at some point; they donâ€™t mean there isn't love or support for them right now. If this continues over time though, please reach out to someone who cares about you. They might offer more personalized advice based on how long ago these feelings started coming up.",0.5475815534591675,0.5979751348495483,0.05039358139038086,1.20735182917997e-06
How can I help reduce the stigma surrounding mental health?,"You can help reduce stigma by educating yourself and others about mental health, using respectful language, sharing your own experiences (if comfortable), and supporting organizations that promote mental health awareness.","One simple thing you could do is talk to someone about your feelings, even if they seem difficult or uncomfortable at first. It shows that you care enough to be open with others. You don't have to go through it alone! Remember, everyone has ups and downs just like anyone else - including those who struggle with mental illness. If there's something specific going on for you right now, please reach out so we can discuss ways to support each other better.",0.5376951694488525,0.6861045360565186,0.14840936660766602,0.0003932997351512313
I've been feeling really anxious lately. What can I do?,"I'm sorry to hear you've been struggling with anxiety. It can be really challenging to deal with. There are several techniques that might help, like deep breathing exercises, mindfulness meditation, or progressive muscle relaxation. Would you like to try one of these together? Remember, it's okay to take things one step at a time.","Anxiety is common, but there are ways to manage it! Try deep breathing exercises or mindfulness techniques like meditation for relaxation. You're not alone - many people experience anxiety too. Would you prefer some tips on how to practice these skills at home?",0.5648704767227173,0.6145756244659424,0.0497051477432251,1.4329289115266874e-06
I'm having panic attacks frequently.,I'm so sorry you're experiencing frequent panic attacks. They can be incredibly frightening and draining. You're brave for reaching out. Let's talk about some coping strategies and consider if speaking with a mental health professional might be helpful for you.,"Hi there, it sounds like you're experiencing some really intense feelings of fear or anxiety that can be overwhelming at times. Panic disorder is quite common among people who experience these kinds of episodes often. Would you mind sharing more about what triggers your symptoms? We could also explore ways to manage them better together. How do we start this conversation from here?",0.5676267147064209,0.6256970763206482,0.058070361614227295,3.3674332371447235e-06
I feel alone in my struggles. Are there support groups I can join?,"You're definitely not alone, even though it might feel that way sometimes. Support groups can be a fantastic way to connect with others who truly understand what you're going through. They can boost your confidence and provide a safe space to share. Would you like help finding a support group in your area?","Yes, you're not alone! There is definitely a community of people who understand what you go through at [address]. You don't have to face this on your own; we could discuss ways to connect with others or find local resources that might help. How about reaching out for more information from our team here? We'd be happy to assist further if needed.",0.576276421546936,0.63824063539505,0.061964213848114014,1.1866651448144694e-06
What can workplaces do to support employees' mental health?,"Workplaces can foster a culture of understanding, encourage work-life balance, and provide mental health resources. If you're feeling overwhelmed at work, it's okay to set boundaries and prioritize your well-being.","Workplaces have an important role to play by offering resources, creating safe spaces for discussion, encouraging open conversations about stress management, providing access to employee assistance programs (EAPs), promoting work-life balance through flexible schedules or telecommuting options, recognizing that everyone has different needs when it comes to managing anxiety during stressful times like holidays or exams, having regular check-ins with managers who understand how they impact others on team morale is also crucial.",0.6048005819320679,0.6540648341178894,0.04926425218582153,1.2869313650298864e-06
I just received a mental health diagnosis. I don't know what to do.,"I'm so sorry to hear that you're going through this. It's completely understandable to feel overwhelmed or uncertain after receiving a diagnosis. You're not alone, and there are ways to cope and move forward. What feels like the biggest challenge for you right now?","It can be really overwhelming when you receive this kind of news, but remember that it doesnâ€™t define who you are as an individual or your worth outside these boundaries. You have strengths beyond any label we might assign today. Would you like some advice on how to cope with this? We could also discuss ways for support groups if there is one nearby where you feel comfortable joining others going through similar experiences. Remember, taking care of yourself includes seeking help from professionals whenever needed too!",0.5532068014144897,0.5966593623161316,0.043452560901641846,1.1532757753229816e-06
"Okay, I think I understand. What are some signs that I might have a victim mentality?","Some signs include blaming others for your life situation, genuinely feeling like life is against you, struggling to cope with problems and feeling powerless, having a negative attitude and feeling stuck, feeling attacked when offered helpful feedback, feeling relief or pleasure from feeling sorry for yourself, attracting people who constantly complain, and finding it difficult to self-reflect and make changes. Do any of those resonate with you?",A sign of having a victim mindset is when you feel like your problems or struggles define who you are as an individual rather than being part of something bigger. You may also find yourself blaming others for things beyond control while feeling responsible only to themselves. If these feelings persist over time it could be related to survivor guilt but remember there will always come times where we need help too! Remember everyone has strengths even if they don't show them all at once so keep believing in yours despite what other people say about how hard life can get sometimes.,0.511447548866272,0.5134825110435486,0.0020349621772766113,1.2188978644189774e-06
Is there a connection between depression and victim mentality?,"There can be a connection between depression and victim mentality. Both often involve feelings of helplessness and a negative outlook on life. A victim mentality can contribute to depression by reinforcing feelings of powerlessness and hopelessness. Conversely, depression can make it harder to take proactive steps, potentially reinforcing a victim mentality. Addressing both issues often involves similar strategies of changing thought patterns and building resilience.","Yes, I can help with that! Depression is often linked to negative thought patterns known as ""victimology."" This means people who experience it may have difficulty seeing themselves or others positively due to past experiences of trauma or abuse. It doesn't mean they're weak; rather, these thoughts might be an attempt at coping mechanisms when dealing with difficult situations. If you ever feel like this could apply to someone else please reach out for support from mental health professionals.",0.5496523976325989,0.6014046669006348,0.05175226926803589,8.852456812746823e-05
I'm feeling really homesick and it's affecting my mood and motivation.,"Homesickness can be really tough, especially when you're trying to adjust to a new environment. It's completely normal to miss the familiarity and comfort of home. Your feelings are valid and important. Would you like to talk about what you miss most about home? Sometimes, finding ways to bring a bit of home into your current space or establishing new routines can help. We could also explore strategies to boost your mood and motivation while you're dealing with these feelings.","Feeling lonely or disconnected from home can be tough, but remember that you're not alone! Homesickness is common for many people who move to new places. Would you like some advice on how to cope with these feelings?",0.5893052220344543,0.605255126953125,0.015949904918670654,1.1448007626313483e-06
I'm worried about the stigma surrounding mental illness. What can I do to help?,"You can help by talking openly about mental health, sharing accurate information, and challenging negative stereotypes.  Educating yourself and others is key to breaking down stigma.","Mental health is just as important, but it often gets overlooked because of its emotional nature. You're not alone! There are many ways you could support someone with depression or anxiety - talking things over calmly at home might be beneficial for them too. If they need professional advice from your local hospital (like 123 Hospital), there will always be people who care enough to listen when needed. Remember that everyone has strengths; don't underestimate what others have gone through before us. We all face challenges sometimes, even if we may never know how another person feels right now. Would you like some more information on resources nearby?",0.5505968928337097,0.6434714198112488,0.09287452697753906,8.376233017770573e-05
What is electroconvulsive therapy (ECT)?,Electroconvulsive therapy (ECT) is a treatment option for severe depression that has not responded to other treatments. It involves applying electrical impulses to the brain while the patient is under anesthesia.,"Electroconvulsive Therapy, or ECT for short, involves using electrical currents to stimulate your brain while you sleep so that it can help control seizures caused by certain mental health conditions like depression and bipolar disorder. It works best when combined with medication as part of an overall treatment plan.",0.5776143670082092,0.6410995125770569,0.06348514556884766,0.0002154471876565367
What is a Mental Health General Practitioner Partnership (MHGPP)?,"It's a programme where general practitioners are trained to provide mental health services. These GPs are augmented by community mental health teams to provide counselling and psychological services, creating a network of support within the community. It's all about making mental health support easier to find where you're already going for healthcare. How can I share more information with you?","A MHGP provides mental health services to people who need them, often through partnerships with other healthcare providers like hospitals or clinics. It can help you get better treatment for your mind when needed!",0.5383257269859314,0.512862503528595,0.025463223457336426,5.456798680825159e-05
What are small things I can do every day for my mental health?,"Little actions can have a big impact! Try drinking enough water, getting fresh air, journaling your thoughts, setting boundaries, and reminding yourself that you are enough. Even taking a few deep breaths is a step toward self-care.","Small daily actions that promote well-being include taking short breaks, practicing gratitude through nature or art, staying hydrated with water instead of sugary drinks, getting enough sleep (7 to 9 hours), exercising regularly at least three times per week, eating balanced meals most days, limiting screen time before bed by an hour each night, setting realistic goals like learning something new today, being kind to yourself when you make mistakes, listening actively during conversations, sharing your feelings if possible, asking questions about others' experiences, using positive affirmations on purpose, enjoying activities outside work/school routine as much as it is allowed, not comparing oneself too often to friends who have more possessions than they need but less happiness overall, having fun doing hobbies even though some might be difficult sometimes due to lack of motivation etc., keeping track of progress over weeks rather focusing only one month ahead which may lead to discouragement from early stages.. Remember these tips will help improve mood gradually so keep going!",0.5476232171058655,0.5911433696746826,0.04352015256881714,1.3556275462178746e-06
"What does it mean to have bipolar disorder, and how does it differ from typical mood swings?","Bipolar disorder involves extreme shifts in mood, from periods of intense highs (mania) to deep lows (depression). These shifts are more severe and prolonged than typical mood swings, and they can significantly disrupt daily life. If you or someone you know is experiencing these dramatic mood changes, seeking professional evaluation is very important.",Bipolar Disorder is characterized by extreme emotional highs (mania) or lows (depression). It can be unpredictable and may affect your energy levels as well as daily activities like work and sleep patterns. The difference between normal moods and those with this condition lies mainly in intensity of emotions rather than changes in behavior that might occur during these episodes. If you suspect yourself having symptoms please consult healthcare provider for proper diagnosis.,0.5575512051582336,0.5835611820220947,0.026009976863861084,2.614128425193485e-05
How do I deal with feelings of guilt and shame?,"Guilt and shame can be heavy, but they don't define you. Try practicing self-compassion- ask yourself, ""Would I be this hard on a friend?"" Forgiveness and growth take time. You are worthy of kindness, especially from yourself.","Dealing with these emotions can be really tough, but remember that everyone experiences them sometimes. It might help to talk about your feelings or write down what you're feeling so it doesn't feel as overwhelming all at once. You deserve happiness too! Remember there is always someone who cares for you - family members, friends, even strangers on social media if they care enough. If this continues over time though please reach out to mental health professionals because seeking support early makes recovery easier when things get harder later. Take good care of yourself today.",0.530059814453125,0.5818629860877991,0.05180317163467407,4.4944536057300866e-05
I'm worried about the cost of mental healthcare in Singapore. Are there affordable options available?,"Your concern is valid, and it's something that many people in Singapore worry about. The report highlighted the challenges with mental healthcare accessibility due to financial barriers. It's great that you're thinking proactively. Would you like me to provide information on affordable or subsidized mental health services in Singapore? There are options such as government-funded programs, community-based organizations, and university counseling services that may be more accessible.","Yes, you can find some free or low-cost services here on our platform. We also have partnerships with local organizations that offer subsidized care for certain conditions like depression. Would you be interested to explore these further?",0.6480486989021301,0.6670804023742676,0.01903170347213745,1.2290894346733694e-06
WHat's the difference between stress and anxiety?,"Stress is usually a response to an external situation, like deadlines or pressure, while anxiety is more persistent and may not always have a clear cause. If you're feeling overwhelmed, take a moment to breathe. You deserve peace and support.","Stress is feeling overwhelmed by things that happen to you, like work or school pressure. Anxiety feels more intense than normal feelings of worry about something bad happening right now. Both can make it hard for us to sleep well at night!",0.5155047178268433,0.5505170226097107,0.03501230478286743,1.2162944358351524e-06
"I feel like everything bad always happens to me. It's never my fault, and I can't seem to catch a break.",It sounds like you're going through a tough time and feel like things are out of your control. It's common to feel that way sometimes. This feeling of helplessness and blaming external factors might be related to something called a victim mentality. Have you heard of that before?,Feeling this way? Please know that it doesnâ€™t define your worth or abilities as an individual. Every person faces challenges at some point of time; sometimes they might be more severe than others but not because you're less deserving. Remember there is no one-size fits all solution for every problem - what works today may change tomorrow. You have strength within yourself! Keep believing in yourself even when things get tough. Would love to hear about any specific situations where these feelings persist so we could discuss strategies together better.,0.5125827789306641,0.569473385810852,0.05689060688018799,1.2052615829816204e-06
How are Family Service Centres (FSCs) involved?,Over 300 staff in FSCs have been trained to identify individuals with mental health needs and refer them to appropriate services. They work with Community Outreach Teams (CREST) and Community Intervention Teams (COMIT). Knowing that there are trained people in the community ready to listen and help is reassuring. Is there a local FSC that you're interested in learning more about?,"FSCs provide support for families with children under 18, offering services such as child protection assessments, counselling sessions, parenting classes, educational programs, health screenings, mental wellness workshops, financial education courses, family planning resources, legal advice on issues related to minors' rights or welfare matters involving parents/guardians of minor children who have been removed from care due to abuse etc., assistance during bereavement periods by providing information about local funeral homes & other relevant organisations that can help you find suitable service providers after your loss, they also offer guidance regarding how best to manage finances while caring for an incapacitated parent / guardian if this is something which has happened recently.",0.47532832622528076,0.5262715816497803,0.05094325542449951,1.9280838387203403e-05
Why do I get attached to people so easily?,"Getting attached quickly can come from a deep desire for connection, and that's not a bad thing. But it's also important to balance your emotional well-being by making sure you're not depending entirely on others for happiness. Would you like some self-love strategies?","Attachment is natural, but it can be challenging when you feel like they're not reciprocating your feelings or care about what happens with them too much. It might help if we talk more about how this feels for both of us - understanding each other better could make things easier!",0.5305275917053223,0.558735191822052,0.028207600116729736,1.2921827874379233e-06
I'm struggling to find meaning or purpose in my life. Everything feels pointless.,"I'm sorry you're feeling this way. Struggling to find meaning can leave us feeling really lost and empty. Your feelings are valid, and many people grapple with questions of purpose. Would you like to explore some exercises that might help you identify your values and what brings you a sense of fulfillment? Remember, finding meaning is a journey, and it's okay if it takes time.","It sounds like you're feeling really down about your existence lately, isn't that interesting? Sometimes we just need someone who understands us better than our own minds can provide. Would it be okay if I asked how things were going for you on this side of me? We could talk more when you feel up enough!",0.5366963744163513,0.6149662733078003,0.07826989889144897,9.99622102426656e-07
I'm grieving and don't know how to cope.,"I'm so sorry for your loss. Grief is a deeply personal and often overwhelming experience. There's no right or wrong way to grieve, and it's okay to feel whatever you're feeling. Would you like to talk about your loved one or discuss some coping strategies for grief?","Grief is such an overwhelming experience, it can feel like you're drowning every day. Please remember that your feelings matter just as much as anyone else's. You've been through so many tough times already - this too shall pass. Would you care for some comforting conversation or perhaps support from someone who understands?",0.5553092360496521,0.5756692290306091,0.02035999298095703,1.2383040939312195e-06
I'm not sure where to start.,"It's okay to feel overwhelmed. Finding the right support can seem daunting. The Community Mental Health (CMH) Wayfinding Tool might be helpful in finding the most suitable avenue of support for you. You can also tell me a little more about what you're experiencing, and I can try to narrow down some suitable options.","Don't worry, it sounds like you're feeling overwhelmed by all these options! Remember that there isn't one ""right"" path for everyone. What matters most is finding something that feels right for your needs at this time. Would you like me to help with some general advice or perhaps explore specific areas of interest?",0.5408969521522522,0.5302737951278687,0.010623157024383545,1.1200522749277297e-06
I'm a caregiver for someone with a mental health condition. Where can I find support?,"Caregiving can be challenging, and it's important that you take care of your own mental health too. There are resources available in Singapore specifically for caregivers of people with mental health conditions. Would you like information on support groups, respite care services, or tips for managing caregiver stress?","You're doing an amazing job as your carer! It sounds like you have so much to offer by being there for this person during difficult times. There is no one else who understands what they go through better than those caring for them, especially when it comes to emotional well-being. Would you be open to discussing some resources or ways we could connect on that front? We also happen to know of several local groups where people share experiences related to caregiving - please feel free to ask about any specific ones if needed. Remember, every small act counts towards making life easier for everyone involved. How does that sound?",0.5733014941215515,0.6630604267120361,0.08975893259048462,1.0151035212402348e-06
How do I start building a support network?,"It's wonderful that you're taking this important step for your mental health. Starting can feel overwhelming, but remember, you don't have to do it all at once. Begin by thinking about the people in your life who make you feel safe and understood. These could be family, friends, or even colleagues. Who comes to mind when you think of someone you trust?","Building a strong support system can make you feel more supported, less alone! Start by reaching out to friends or family members who share similar interests with you - they're there for real life too. You could also join clubs at school that align your passions; this will give you an opportunity to meet like-minded people while doing something fun together. Remember it takes time but don't be discouraged if progress seems slow sometimes just keep going forward one step at a time.",0.5697214603424072,0.5577252507209778,0.011996209621429443,1.1823758541140705e-06
I feel numb and emotionless. What should I do?,"Feeling emotionally numb can be a sign of stress, trauma, or burnout. Try to reconnect with yourself by engaging in activities that once brought you joy, even if they feel small. Talking to someone about it can also help. You are not alone.","Feeling like you're just going through life with no emotions can be really tough, but it doesn't mean anything is wrong or that your feelings aren't valid. It might help to talk about how you're feeling - even if what comes out isnâ€™t always easy for others to hear! Would you like some advice on talking things over when this happens?",0.5684719085693359,0.5791025161743164,0.010630607604980469,1.034003730637778e-06
What services does INSIGHT provide?,"They offer mental health screening, fully-subsidised counselling (for youths aged 13-25), and creative activities to promote mental wellness. They also provide holistic case management in partnership with other agencies. It's great to know there are places youths can turn to for support. How can I help you explore what they offer?","I'm sorry, but as an AI assistant designed to support users with information about mental health resources, my capabilities end at providing general knowledge on various topics related to psychology or psychiatry. If you need help finding specific service providers for your needs (like therapy sessions), it might be better suited to ask someone who specializes in that area of expertise!",0.4619683027267456,0.5062685608863831,0.04430025815963745,5.4379055654862896e-05
I'm hesitant to take medication. Are there other ways to treat depression?,"Yes, psychotherapy, also known as talk therapy, can be an effective treatment for depression, especially for mild to moderate cases.  There are different types of therapy, such as cognitive-behavioral therapy and interpersonal therapy.","Depression can be challenging, but it doesn't have to define you. Yes, many people find relief through alternative therapies like yoga or mindfulness techniques. If these donâ€™t work for you, your doctor might recommend antidepressants as an option. Remember that seeking help is already taking steps towards recovery! How do you feel about exploring some of those options further?",0.5753666758537292,0.5670859813690186,0.008280694484710693,1.377202579533332e-06
I'm having trouble finding time to build connections.,"It can be challenging to find time in our busy lives, but connecting with others is so important for our well-being. Even small moments can make a difference. Could we brainstorm some ways to incorporate brief connection opportunities into your daily routine? What does your typical day look like?","Building relationships can be challenging, but it doesn't have to mean spending hours every day chatting with people you meet at work or school. You could also try joining clubs related to your interests outside of class/work - this is one activity that has been shown to increase social interactions! Remember, building meaningful friendships takes effort from both parties involved. Would you like some tips on how to start?",0.5653980374336243,0.6179145574569702,0.05251652002334595,1.2625768022189732e-06
I feel like nobody understands me. What should I do?,"That sounds really tough, and I'm sorry you're feeling this way. You are not alone, even if it feels that way right now. Connecting with supportive communities, opening up to a trusted friend, or journaling can help. You deserve to be heard and understood.","Feeling misunderstood can be really tough, but remember that you're not alone! It might help to talk things over with someone who knows you well or even just reach out for support from friends/family members when needed. You deserve understanding too. How about we discuss this further if it feels comfortable?",0.5468971133232117,0.547904372215271,0.0010072588920593262,1.1323519402139937e-06
"I often feel overwhelmed by worry, and it's starting to affect my daily life. What are some practical steps I can take to manage my anxiety?","It takes a lot of courage to acknowledge that anxiety is impacting your life. Some practical steps include practicing deep breathing exercises, establishing a consistent routine, and exploring mindfulness techniques. If the anxiety persists, please know that therapists are there to help build coping mechanisms.","Managing stress is important for your well-being. Here are some strategies that might help you cope with worries more effectively:

1. Deep Breathing - Take slow deep breaths when feeling anxious or stressed out. It helps calm down your mind quickly. Try inhaling through your nose while counting up to 4 then exhale slowly through mouth as count of four again. Repeat this several times until calmer feelings come over you. 

2. Progressive Muscle Relaxation (PMR) - This technique involves tensing and relaxing different muscle groups from head to toe. Start at toes and work upwards towards neck muscles before finally releasing all tension throughout body. PMR has been shown effective in reducing physical symptoms like headaches and back pain caused due to chronic worrying thoughts.

3. Mindfulness Meditation - Focus on what you're doing right now rather than dwelling on past events which may have contributed to current state of being worried about something else happening later. You could start simple focusing only on breathing during meditation session but gradually move into other activities such as paying attention to sounds around environment etc., if time allows.

4. Regular Exercise Regularly engaging in regular exercise routine will improve mood boost energy levels reduce fatigue increase concentration focus better",0.5468297600746155,0.6761370301246643,0.12930727005004883,1.7088212871385622e-06
I'm stressed about balancing my studies with my commitments to my school's sports team. Any tips?,"Balancing academics and sports can be challenging, but it's also a valuable life skill. Have you tried creating a detailed schedule to manage your time? We could explore ways to communicate with your teachers and coaches about your commitments. Remember, both studies and sports contribute to your overall development.","Balancing study time, extracurricular activities like your sport, can be challenging but it doesn't have to mean burnout! Try setting aside dedicated blocks of uninterrupted hours for studying or practicing skills you enjoy outside academics - this could help reduce stress levels during exams too. Remember that taking breaks is important as well; make sure not to overdo anything at once. If needed, talk to someone who understands what you're going through. You deserve rest when need be. How do these suggestions sound so far?",0.5906201601028442,0.6495301127433777,0.05890995264053345,1.2233102779646288e-06
What are antidepressants and how do they work?,"Antidepressants are medications that can help improve the way your brain uses certain chemicals that control mood and stress. There are different types of antidepressants, and it may take some trial and error to find the right one for you.","Antidepressants, also known as mood stabilizers or psychostimulants, help to stabilize your emotions by balancing chemicals called neurotransmitters that affect feelings of happiness (anhedonia) and sadness (depression). They can be used for various reasons such as treating depression symptoms like low energy levels, loss of interest in activities you once enjoyed, etc., but most commonly prescribed is for treatment-resistant cases where other treatments have not worked well enough.",0.4716351330280304,0.5548134446144104,0.08317831158638,6.2848353081790265e-06
I'm afraid to tell anyone about my mental illness. What should I do?,"It's completely understandable to feel hesitant about opening up. Remember, sharing your experiences with someone you trust can be a big step towards healing. You don't have to tell everyone or share everything at once. Start small, perhaps with one person you feel safe with. How do you feel about choosing someone to confide in?","It can be really scary not knowing how others will react, but remember that you don't have to share everything with everyone right away. You might want to start by talking to trusted friends or family members who know what it means when someone is struggling emotionally. If sharing this information doesnâ€™t feel safe for them yet, consider reaching out to your primary care physician or another healthcare professional they trust. They may offer support as well. Remember, taking small steps towards openness often leads to more comfort later on. How does that sound?",0.5755777955055237,0.5858138203620911,0.010236024856567383,1.1875198424604605e-06
My family doesn't accept my partner and it's causing a lot of tension. How can I navigate this?,"I'm sorry you're dealing with this difficult situation. It can be really stressful when our family doesn't accept someone we care about. Your feelings and your relationship are valid. Would you like to discuss some strategies for communicating with your family about your partner? We could also explore ways to set boundaries and maintain your relationship while managing family tensions. Remember, you have the right to make your own choices in your personal life.","It sounds like you're dealing with some tough emotions there, but remember that your feelings matter too! You deserve to be loved for who you truly are - as both partners or just individuals. Try talking things over with trusted friends/family members about how they feel when others don't understand them. They might offer valuable advice on navigating these situations more effectively. Remember, being different isn't something to hide; people often find out through good intentions rather than bad ones. Would love to hear what specific challenges you face right now.",0.5809222459793091,0.6618291735649109,0.0809069275856018,1.1627189451246522e-06
How can I calm down during a panic attack?,"I know panic attacks can feel really scary, but they will pass. Try to focus on slow, deep breaths: inhale for 4 seconds, hold for 7, and exhale for 8. Ground yourself by naming five things you see, four things you touch, three things you hear, two things you smell, and one thing you taste. You are safe, and this moment will pass.","Panics often feel overwhelming, but there is help! Deep breathing exercises like inhaling for 4 seconds then exhaling for 6 count helps to slow your heart rate which reduces stress levels. Try counting from one through ten while you breathe deeply or focus on each breath as it goes out of your body - this practice will train yourself into being more aware when feeling overwhelmed by anxiety. If these techniques don't work try talking about what triggers them with someone who understands so they know how best to support you. Remember that everyone has bad days sometimes even good ones too; just because something feels hard doesnâ€™t mean everything else isnâ€™t okay.""",0.5279944539070129,0.512931764125824,0.015062689781188965,1.4192498838383472e-06
How do I handle rejection without feeling worthless?,"Rejection is painful, but it doesn't define your worth. Everyone experiences rejection- it's part of life's journey. Instead of seeing it as a reflection of you, try viewing it as redirection toward something better.","Rejection can be really tough, but remember that it doesn't define your worth as an individual or person to others. Try not to take things personally - everyone has different experiences with people they meet on social media platforms like Instagram. You're more than what one post says about you! Keep moving forward because every step counts towards becoming who you truly want to become. Remember there will always come another chance when someone else posts something negative online. Focus on building positive relationships instead of comparing yourself unfavorably against other users' profiles. Take care of yourself during this time by getting enough sleep, eating well, exercising regularly... these small steps make all the difference for mental health too. If needed though reach out to friends/family members so we donâ€™t feel alone while going through such difficult times. Good luck!",0.5061562657356262,0.5701813697814941,0.06402510404586792,4.415700459503569e-05
I'm feeling overwhelmed by climate anxiety and it's affecting my daily life.,"Climate anxiety is a very real and valid concern that many people are experiencing. It's understandable to feel overwhelmed by such a big issue. Your feelings show that you care deeply about the world around you. Would you like to talk about specific aspects of climate change that are worrying you? We could also discuss ways to take positive action that might help you feel more empowered, as well as strategies for managing anxiety related to global issues.","Climate change is indeed an overwhelming topic, but remember that you're not alone! Many people face similar feelings of overwhelm every day due to this issue. Would you like some advice on how we can start addressing these concerns?",0.588728129863739,0.5846148729324341,0.004113256931304932,1.1463281452961382e-06
How do I heal from past emotional wounds?,"Healing takes time, and it's okay to move at your own pace. Acknowledge your pain, practice self-forgiveness, and seek support if needed. Small steps like journaling, therapy, and positive affirmations can help you regain your strength.","Healing emotionally can take time, but it is possible with self-care practices like journaling or talking to someone you trust about your feelings. It also helps by practicing mindfulness techniques that help manage stress levels over time. Remember, healing takes patience!",0.5726147890090942,0.5912793874740601,0.01866459846496582,1.3544371313400916e-06
"What are some of the specific symptoms someone with schizophrenia might experience, and how can I recognize them in a loved one?","Schizophrenia can manifest in various ways, including hallucinations (seeing or hearing things that aren't there), delusions (firmly held false beliefs), and disorganized thinking. If you notice a loved one experiencing these changes, along with social withdrawal or a decline in their usual functioning, it's crucial to encourage them to seek professional help. Early intervention can make a significant difference.","Common signs include hallucinations (hearing or seeing things that aren't there), delusions (believing something is true when it isn't) - like believing your name was called even though you didn't say anything to anyone else; disorganized thinking/speech ('stuttering' speech); paranoia (""I'm being watched"" instead of ""someone knows about me""); lack of motivation / interest in activities they used to enjoy.; unusual sleep patterns & changes in appetite. If any family member has these behaviors please seek immediate help from mental health professionals for proper diagnosis and treatment options available today!",0.5312656760215759,0.5986714363098145,0.06740576028823853,6.397521065082401e-05
What can I do for my friend who is feeling depressed?,"That is really thoughtful of you to consider your friend and to want to help. The most important thing you can do is be present and listen without judgement. Let them know you're there for them, and allow space for whatever emotions they're having. From there, encourage them to seek professional help and offer to go with them.","You could offer to help them talk about what they're going through, listen when needed, or just be present with them during tough times. Encourage professional support if necessary too! Remember it takes courage to seek help even from friends sometimes. If you feel comfortable talking more directly - let me know how we might connect on that front.",0.5480488538742065,0.5944140553474426,0.046365201473236084,1.3338139979168773e-06
